<?xml version="1.0" encoding="UTF-8"?>
<CustomApplication xmlns="http://soap.sforce.com/2006/04/metadata">
    <actionOverrides>
        <actionName>View</actionName>
        <comment>Action override created by Lightning App Builder during activation.</comment>
        <content>Place_Order</content>
        <formFactor>Small</formFactor>
        <skipRecordTypeSelect>false</skipRecordTypeSelect>
        <type>Flexipage</type>
        <pageOrSobjectType>Order</pageOrSobjectType>
    </actionOverrides>
    <actionOverrides>
        <actionName>View</actionName>
        <comment>Action override created by Lightning App Builder during activation.</comment>
        <content>Place_Order</content>
        <formFactor>Large</formFactor>
        <skipRecordTypeSelect>false</skipRecordTypeSelect>
        <type>Flexipage</type>
        <pageOrSobjectType>Order</pageOrSobjectType>
    </actionOverrides>
    <brand>
        <headerColor>#0070D2</headerColor>
        <shouldOverrideOrgTheme>false</shouldOverrideOrgTheme>
    </brand>
    <description>lightning application for placing orders</description>
    <formFactors>Small</formFactors>
    <formFactors>Large</formFactors>
    <isNavAutoTempTabsDisabled>false</isNavAutoTempTabsDisabled>
    <isNavPersonalizationDisabled>false</isNavPersonalizationDisabled>
    <label>Place Orders App</label>
    <navType>Standard</navType>
    <profileActionOverrides>
        <actionName>View</actionName>
        <content>Place_Order</content>
        <formFactor>Small</formFactor>
        <pageOrSobjectType>Order</pageOrSobjectType>
        <type>Flexipage</type>
        <profile>Admin</profile>
    </profileActionOverrides>
    <profileActionOverrides>
        <actionName>View</actionName>
        <content>Place_Order</content>
        <formFactor>Large</formFactor>
        <pageOrSobjectType>Order</pageOrSobjectType>
        <type>Flexipage</type>
        <profile>Admin</profile>
    </profileActionOverrides>
    <tabs>standard-Order</tabs>
    <uiType>Lightning</uiType>
    <utilityBar>Order_App_UtilityBar</utilityBar>
</CustomApplication>
