[{"_allAttributes":null,"_properties":null,"_methods":null,"file":"c:/WorkSpace/KPN_Interview_Assignment/KPN_Interview_Assignment/force-app/main/default/lwc/kpn_AvailableProductList/kpn_AvailableProductList.js","metadata":{"decorators":[{"type":"api","targets":[{"type":"property","name":"recordId","value":{"type":"unresolved"}}]}],"declarationLoc":{"start":{"line":20,"column":0},"end":{"line":135,"column":1}},"classMembers":[{"type":"property","name":"recordId","loc":{"start":{"line":21,"column":4},"end":{"line":21,"column":18}},"decorator":"api","value":{"type":"unresolved"}},{"type":"property","name":"showTable","loc":{"start":{"line":22,"column":4},"end":{"line":22,"column":22}}},{"type":"property","name":"productList","loc":{"start":{"line":23,"column":4},"end":{"line":23,"column":21}}},{"type":"property","name":"columns","loc":{"start":{"line":24,"column":4},"end":{"line":24,"column":22}}},{"type":"property","name":"error","loc":{"start":{"line":25,"column":4},"end":{"line":25,"column":10}}},{"type":"property","name":"page","loc":{"start":{"line":27,"column":4},"end":{"line":27,"column":13}}},{"type":"property","name":"items","loc":{"start":{"line":28,"column":4},"end":{"line":28,"column":15}}},{"type":"property","name":"dataItems","loc":{"start":{"line":29,"column":4},"end":{"line":29,"column":19}}},{"type":"property","name":"startingRecord","loc":{"start":{"line":30,"column":4},"end":{"line":30,"column":23}}},{"type":"property","name":"endingRecord","loc":{"start":{"line":31,"column":4},"end":{"line":31,"column":21}}},{"type":"property","name":"pageSize","loc":{"start":{"line":32,"column":4},"end":{"line":32,"column":17}}},{"type":"property","name":"totalRecountCount","loc":{"start":{"line":33,"column":4},"end":{"line":33,"column":26}}},{"type":"property","name":"totalPage","loc":{"start":{"line":34,"column":4},"end":{"line":34,"column":18}}},{"type":"method","name":"connectedCallback","loc":{"start":{"line":36,"column":4},"end":{"line":38,"column":2}}},{"type":"method","name":"loadRecords","loc":{"start":{"line":39,"column":1},"end":{"line":74,"column":5}}},{"type":"method","name":"callRowAction","loc":{"start":{"line":76,"column":4},"end":{"line":103,"column":5}}},{"type":"method","name":"previousHandler","loc":{"start":{"line":106,"column":4},"end":{"line":111,"column":5}}},{"type":"method","name":"nextHandler","loc":{"start":{"line":114,"column":4},"end":{"line":119,"column":5}}},{"type":"method","name":"displayRecordPerPage","loc":{"start":{"line":122,"column":4},"end":{"line":133,"column":5}}}],"exports":[{"type":"ExportDefaultDeclaration"}]},"updatedAt":"2021-02-06T10:48:40.153Z"},{"_allAttributes":null,"_properties":null,"_methods":null,"file":"c:/WorkSpace/KPN_Interview_Assignment/KPN_Interview_Assignment/force-app/main/default/lwc/availableProductList/availableProductList.js","metadata":{"decorators":[{"type":"api","targets":[{"type":"property","name":"recordid","value":{"type":"unresolved"}}]}],"declarationLoc":{"start":{"line":19,"column":0},"end":{"line":134,"column":1}},"classMembers":[{"type":"property","name":"recordid","loc":{"start":{"line":20,"column":4},"end":{"line":20,"column":18}},"decorator":"api","value":{"type":"unresolved"}},{"type":"property","name":"showTable","loc":{"start":{"line":21,"column":4},"end":{"line":21,"column":22}}},{"type":"property","name":"productList","loc":{"start":{"line":22,"column":4},"end":{"line":22,"column":21}}},{"type":"property","name":"columns","loc":{"start":{"line":23,"column":4},"end":{"line":23,"column":22}}},{"type":"property","name":"error","loc":{"start":{"line":24,"column":4},"end":{"line":24,"column":10}}},{"type":"property","name":"page","loc":{"start":{"line":26,"column":4},"end":{"line":26,"column":13}}},{"type":"property","name":"items","loc":{"start":{"line":27,"column":4},"end":{"line":27,"column":15}}},{"type":"property","name":"dataItems","loc":{"start":{"line":28,"column":4},"end":{"line":28,"column":19}}},{"type":"property","name":"startingRecord","loc":{"start":{"line":29,"column":4},"end":{"line":29,"column":23}}},{"type":"property","name":"endingRecord","loc":{"start":{"line":30,"column":4},"end":{"line":30,"column":21}}},{"type":"property","name":"pageSize","loc":{"start":{"line":31,"column":4},"end":{"line":31,"column":17}}},{"type":"property","name":"totalRecountCount","loc":{"start":{"line":32,"column":4},"end":{"line":32,"column":26}}},{"type":"property","name":"totalPage","loc":{"start":{"line":33,"column":4},"end":{"line":33,"column":18}}},{"type":"method","name":"connectedCallback","loc":{"start":{"line":35,"column":4},"end":{"line":37,"column":2}}},{"type":"method","name":"loadRecords","loc":{"start":{"line":38,"column":1},"end":{"line":72,"column":5}}},{"type":"method","name":"callRowAction","loc":{"start":{"line":74,"column":4},"end":{"line":102,"column":5}}},{"type":"method","name":"previousHandler","loc":{"start":{"line":105,"column":4},"end":{"line":110,"column":5}}},{"type":"method","name":"nextHandler","loc":{"start":{"line":113,"column":4},"end":{"line":118,"column":5}}},{"type":"method","name":"displayRecordPerPage","loc":{"start":{"line":121,"column":4},"end":{"line":132,"column":5}}}],"exports":[{"type":"ExportDefaultDeclaration"}]},"updatedAt":"2021-02-06T16:47:30.395Z"},{"_allAttributes":null,"_properties":null,"_methods":null,"file":"c:/WorkSpace/KPN_Interview_Assignment/KPN_Interview_Assignment/force-app/main/default/lwc/availableProducts/availableProducts.js","metadata":{"decorators":[{"type":"api","targets":[{"type":"property","name":"recordId","value":{"type":"unresolved"}}]},{"type":"wire","targets":[{"name":"messageContext","adapter":{"name":"MessageContext","reference":"lightning/messageService"},"type":"property"},{"name":"availableProduct","adapter":{"name":"getAvailableProducts","reference":"@salesforce/apex/OrderHandler.getAvailableProducts"},"type":"method","static":{},"params":{"recId":"recordId"}},{"name":"orderDetails","adapter":{"name":"getOrderDetails","reference":"@salesforce/apex/OrderHandler.getOrderDetails"},"type":"method","static":{},"params":{"recId":"recordId"}}]}],"declarationLoc":{"start":{"line":16,"column":0},"end":{"line":140,"column":1}},"classMembers":[{"type":"property","name":"recordId","loc":{"start":{"line":17,"column":4},"end":{"line":18,"column":13}},"decorator":"api","value":{"type":"unresolved"}},{"type":"property","name":"availableProductsData","loc":{"start":{"line":19,"column":4},"end":{"line":19,"column":26}}},{"type":"property","name":"showSpinner","loc":{"start":{"line":20,"column":4},"end":{"line":20,"column":16}}},{"type":"property","name":"addedProduct","loc":{"start":{"line":21,"column":4},"end":{"line":21,"column":17}}},{"type":"property","name":"diableButtons","loc":{"start":{"line":22,"column":4},"end":{"line":22,"column":24}}},{"type":"property","name":"page","loc":{"start":{"line":24,"column":4},"end":{"line":24,"column":9}}},{"type":"property","name":"totalRecountCount","loc":{"start":{"line":25,"column":4},"end":{"line":25,"column":23}}},{"type":"property","name":"totalPage","loc":{"start":{"line":26,"column":4},"end":{"line":26,"column":15}}},{"type":"property","name":"startingRecord","loc":{"start":{"line":27,"column":4},"end":{"line":27,"column":20}}},{"type":"property","name":"endingRecord","loc":{"start":{"line":28,"column":4},"end":{"line":28,"column":18}}},{"type":"property","name":"pageSize","loc":{"start":{"line":29,"column":4},"end":{"line":29,"column":14}}},{"type":"property","name":"data","loc":{"start":{"line":30,"column":4},"end":{"line":30,"column":9}}},{"type":"property","name":"orderInfo","loc":{"start":{"line":31,"column":4},"end":{"line":31,"column":14}}},{"type":"property","name":"orderInfoPriceBook","loc":{"start":{"line":32,"column":4},"end":{"line":32,"column":23}}},{"type":"property","name":"messageContext","loc":{"start":{"line":33,"column":4},"end":{"line":34,"column":19}},"decorator":"wire"},{"type":"method","name":"availableProduct","loc":{"start":{"line":35,"column":4},"end":{"line":47,"column":6}},"decorator":"wire"},{"type":"method","name":"orderDetails","loc":{"start":{"line":49,"column":5},"end":{"line":68,"column":6}},"decorator":"wire"},{"type":"method","name":"prepareTableData","loc":{"start":{"line":75,"column":5},"end":{"line":92,"column":5}}},{"type":"method","name":"previousHandler","loc":{"start":{"line":96,"column":4},"end":{"line":103,"column":5}}},{"type":"method","name":"nextHandler","loc":{"start":{"line":107,"column":4},"end":{"line":114,"column":5}}},{"type":"method","name":"displayRecordPerPage","loc":{"start":{"line":118,"column":4},"end":{"line":125,"column":5}}},{"type":"method","name":"addProduct","loc":{"start":{"line":129,"column":5},"end":{"line":139,"column":6}}}],"exports":[{"type":"ExportDefaultDeclaration"}]},"updatedAt":"2021-02-06T09:34:52.911Z"},{"_allAttributes":null,"_properties":null,"_methods":null,"file":"c:/WorkSpace/KPN_Interview_Assignment/KPN_Interview_Assignment/force-app/main/default/lwc/bearList/bearList.js","metadata":{"decorators":[{"type":"wire","targets":[{"name":"bears","adapter":{"name":"getAllBears","reference":"@salesforce/apex/BearController.getAllBears"},"type":"property"},{"name":"pageRef","adapter":{"name":"CurrentPageReference","reference":"lightning/navigation"},"type":"property"},{"name":"loadBears","adapter":{"name":"searchBears","reference":"@salesforce/apex/BearController.searchBears"},"type":"method","static":{},"params":{"searchTerm":"searchTerm"}}]}],"exports":[{"type":"ExportDefaultDeclaration"}]},"updatedAt":"2021-02-06T09:34:53.151Z"},{"_allAttributes":null,"_properties":null,"_methods":null,"file":"c:/WorkSpace/KPN_Interview_Assignment/KPN_Interview_Assignment/force-app/main/default/lwc/bearLocation/bearLocation.js","metadata":{"decorators":[{"type":"api","targets":[{"type":"property","name":"recordId","value":{"type":"unresolved"}}]},{"type":"wire","targets":[{"name":"loadBear","adapter":{"name":"getRecord","reference":"lightning/uiRecordApi"},"type":"method","static":{"fields":{"type":"unresolved","value":"identifier"}},"params":{"recordId":"recordId"}}]}],"declarationLoc":{"start":{"line":8,"column":0},"end":{"line":32,"column":1}},"classMembers":[{"type":"property","name":"recordId","loc":{"start":{"line":9,"column":1},"end":{"line":9,"column":15}},"decorator":"api","value":{"type":"unresolved"}},{"type":"property","name":"name","loc":{"start":{"line":10,"column":1},"end":{"line":10,"column":6}}},{"type":"property","name":"mapMarkers","loc":{"start":{"line":11,"column":1},"end":{"line":11,"column":17}}},{"type":"method","name":"loadBear","loc":{"start":{"line":12,"column":1},"end":{"line":28,"column":2}},"decorator":"wire"},{"type":"property","name":"cardTitle","loc":{"start":{"line":29,"column":1},"end":{"line":31,"column":2}}}],"exports":[{"type":"ExportDefaultDeclaration"}]},"updatedAt":"2021-02-06T09:34:53.105Z"},{"_allAttributes":null,"_properties":null,"_methods":null,"file":"c:/WorkSpace/KPN_Interview_Assignment/KPN_Interview_Assignment/force-app/main/default/lwc/bearMap/bearMap.js","metadata":{"decorators":[{"type":"wire","targets":[{"name":"pageRef","adapter":{"name":"CurrentPageReference","reference":"lightning/navigation"},"type":"property"}]}],"declarationLoc":{"start":{"line":4,"column":0},"end":{"line":27,"column":1}},"classMembers":[{"type":"property","name":"mapMarkers","loc":{"start":{"line":5,"column":1},"end":{"line":5,"column":17}}},{"type":"property","name":"pageRef","loc":{"start":{"line":6,"column":1},"end":{"line":6,"column":37}},"decorator":"wire"},{"type":"method","name":"connectedCallback","loc":{"start":{"line":7,"column":1},"end":{"line":10,"column":2}}},{"type":"method","name":"disconnectedCallback","loc":{"start":{"line":11,"column":1},"end":{"line":14,"column":2}}},{"type":"method","name":"handleBearListUpdate","loc":{"start":{"line":15,"column":1},"end":{"line":26,"column":2}}}],"exports":[{"type":"ExportDefaultDeclaration"}]},"updatedAt":"2021-02-06T09:34:53.028Z"},{"_allAttributes":null,"_properties":null,"_methods":null,"file":"c:/WorkSpace/KPN_Interview_Assignment/KPN_Interview_Assignment/force-app/main/default/lwc/bearSupervisor/bearSupervisor.js","metadata":{"decorators":[{"type":"api","targets":[{"type":"property","name":"recordId","value":{"type":"unresolved"}}]},{"type":"wire","targets":[{"name":"bear","adapter":{"name":"getRecord","reference":"lightning/uiRecordApi"},"type":"property","static":{"fields":{"type":"unresolved","value":"identifier"}},"params":{"recordId":"recordId"}}]}],"declarationLoc":{"start":{"line":5,"column":0},"end":{"line":12,"column":1}},"classMembers":[{"type":"property","name":"recordId","loc":{"start":{"line":6,"column":1},"end":{"line":6,"column":15}},"decorator":"api","value":{"type":"unresolved"}},{"type":"property","name":"bear","loc":{"start":{"line":7,"column":1},"end":{"line":8,"column":6}},"decorator":"wire"},{"type":"property","name":"supervisorId","loc":{"start":{"line":9,"column":1},"end":{"line":11,"column":2}}}],"exports":[{"type":"ExportDefaultDeclaration"}]},"updatedAt":"2021-02-06T09:34:52.432Z"},{"_allAttributes":null,"_properties":null,"_methods":null,"file":"c:/WorkSpace/KPN_Interview_Assignment/KPN_Interview_Assignment/force-app/main/default/lwc/bearTile/bearTile.js","metadata":{"decorators":[{"type":"api","targets":[{"type":"property","name":"bear","value":{"type":"unresolved"}}]}],"declarationLoc":{"start":{"line":3,"column":0},"end":{"line":14,"column":1}},"classMembers":[{"type":"property","name":"bear","loc":{"start":{"line":4,"column":1},"end":{"line":4,"column":11}},"decorator":"api","value":{"type":"unresolved"}},{"type":"property","name":"appResources","loc":{"start":{"line":5,"column":1},"end":{"line":7,"column":6}}},{"type":"method","name":"handleOpenRecordClick","loc":{"start":{"line":8,"column":4},"end":{"line":13,"column":5}}}],"exports":[{"type":"ExportDefaultDeclaration"}]},"updatedAt":"2021-02-06T09:34:53.094Z"},{"_allAttributes":null,"_properties":null,"_methods":null,"file":"c:/WorkSpace/KPN_Interview_Assignment/KPN_Interview_Assignment/force-app/main/default/lwc/bikeCard/bikeCard.js","metadata":{"decorators":[],"declarationLoc":{"start":{"line":2,"column":0},"end":{"line":9,"column":2}},"classMembers":[{"type":"property","name":"name","loc":{"start":{"line":3,"column":3},"end":{"line":3,"column":23}}},{"type":"property","name":"description","loc":{"start":{"line":4,"column":3},"end":{"line":4,"column":51}}},{"type":"property","name":"category","loc":{"start":{"line":5,"column":3},"end":{"line":5,"column":25}}},{"type":"property","name":"material","loc":{"start":{"line":6,"column":3},"end":{"line":6,"column":22}}},{"type":"property","name":"price","loc":{"start":{"line":7,"column":3},"end":{"line":7,"column":20}}},{"type":"property","name":"pictureUrl","loc":{"start":{"line":8,"column":3},"end":{"line":8,"column":84}}}],"exports":[{"type":"ExportDefaultDeclaration"}]},"updatedAt":"2021-02-06T09:34:52.457Z"},{"_allAttributes":null,"_properties":null,"_methods":null,"file":"c:/WorkSpace/KPN_Interview_Assignment/KPN_Interview_Assignment/force-app/main/default/lwc/detail/detail.js","metadata":{"decorators":[{"type":"api","targets":[{"type":"property","name":"productId"}]}],"declarationLoc":{"start":{"line":5,"column":0},"end":{"line":24,"column":1}},"classMembers":[{"type":"property","name":"product","loc":{"start":{"line":8,"column":4},"end":{"line":8,"column":12}}},{"type":"property","name":"productId","loc":{"start":{"line":21,"column":4},"end":{"line":23,"column":5}},"decorator":"api"}],"exports":[{"type":"ExportDefaultDeclaration"}]},"updatedAt":"2021-02-06T09:34:52.831Z"},{"_allAttributes":null,"_properties":null,"_methods":null,"file":"c:/WorkSpace/KPN_Interview_Assignment/KPN_Interview_Assignment/force-app/main/default/lwc/helloWebComponent/helloWebComponent.js","metadata":{"decorators":[],"declarationLoc":{"start":{"line":2,"column":0},"end":{"line":11,"column":1}},"classMembers":[{"type":"property","name":"greeting","loc":{"start":{"line":3,"column":4},"end":{"line":3,"column":29}}},{"type":"method","name":"handleGreetingChange","loc":{"start":{"line":4,"column":4},"end":{"line":6,"column":5}}},{"type":"property","name":"currentDate","loc":{"start":{"line":7,"column":4},"end":{"line":7,"column":44}}},{"type":"property","name":"capitalizedGreeting","loc":{"start":{"line":8,"column":4},"end":{"line":10,"column":5}}}],"exports":[{"type":"ExportDefaultDeclaration"}]},"updatedAt":"2021-02-06T09:34:53.228Z"},{"_allAttributes":null,"_properties":null,"_methods":null,"file":"c:/WorkSpace/KPN_Interview_Assignment/KPN_Interview_Assignment/force-app/main/default/lwc/helloWorld/helloWorld.js","metadata":{"decorators":[],"declarationLoc":{"start":{"line":2,"column":0},"end":{"line":7,"column":1}},"classMembers":[{"type":"property","name":"greeting","loc":{"start":{"line":3,"column":2},"end":{"line":3,"column":21}}},{"type":"method","name":"changeHandler","loc":{"start":{"line":4,"column":2},"end":{"line":6,"column":3}}}],"exports":[{"type":"ExportDefaultDeclaration"}]},"updatedAt":"2021-02-06T09:34:53.199Z"},{"_allAttributes":null,"_properties":null,"_methods":null,"file":"c:/WorkSpace/KPN_Interview_Assignment/KPN_Interview_Assignment/force-app/main/default/lwc/kpn_OrderItemsList/kpn_OrderItemsList.js","metadata":{"decorators":[{"type":"api","targets":[{"type":"property","name":"recordId","value":{"type":"unresolved"}}]}],"declarationLoc":{"start":{"line":14,"column":0},"end":{"line":143,"column":1}},"classMembers":[{"type":"property","name":"recordId","loc":{"start":{"line":15,"column":4},"end":{"line":15,"column":18}},"decorator":"api","value":{"type":"unresolved"}},{"type":"property","name":"showTable","loc":{"start":{"line":16,"column":4},"end":{"line":16,"column":22}}},{"type":"property","name":"orderItemList","loc":{"start":{"line":17,"column":4},"end":{"line":17,"column":23}}},{"type":"property","name":"columns","loc":{"start":{"line":18,"column":4},"end":{"line":18,"column":22}}},{"type":"property","name":"error","loc":{"start":{"line":19,"column":4},"end":{"line":19,"column":10}}},{"type":"property","name":"page","loc":{"start":{"line":21,"column":4},"end":{"line":21,"column":13}}},{"type":"property","name":"items","loc":{"start":{"line":22,"column":4},"end":{"line":22,"column":15}}},{"type":"property","name":"dataItems","loc":{"start":{"line":23,"column":4},"end":{"line":23,"column":19}}},{"type":"property","name":"startingRecord","loc":{"start":{"line":24,"column":4},"end":{"line":24,"column":23}}},{"type":"property","name":"endingRecord","loc":{"start":{"line":25,"column":4},"end":{"line":25,"column":21}}},{"type":"property","name":"pageSize","loc":{"start":{"line":26,"column":4},"end":{"line":26,"column":17}}},{"type":"property","name":"totalRecountCount","loc":{"start":{"line":27,"column":4},"end":{"line":27,"column":26}}},{"type":"property","name":"totalPage","loc":{"start":{"line":28,"column":4},"end":{"line":28,"column":18}}},{"type":"method","name":"connectedCallback","loc":{"start":{"line":30,"column":4},"end":{"line":32,"column":2}}},{"type":"method","name":"loadRecords","loc":{"start":{"line":33,"column":1},"end":{"line":69,"column":5}}},{"type":"method","name":"confirmOrder","loc":{"start":{"line":74,"column":4},"end":{"line":112,"column":5}}},{"type":"method","name":"previousHandler","loc":{"start":{"line":115,"column":4},"end":{"line":120,"column":5}}},{"type":"method","name":"nextHandler","loc":{"start":{"line":123,"column":4},"end":{"line":128,"column":5}}},{"type":"method","name":"displayRecordPerPage","loc":{"start":{"line":131,"column":4},"end":{"line":142,"column":5}}}],"exports":[{"type":"ExportDefaultDeclaration"}]},"updatedAt":"2021-02-06T10:44:48.802Z"},{"_allAttributes":null,"_properties":null,"_methods":null,"file":"c:/WorkSpace/KPN_Interview_Assignment/KPN_Interview_Assignment/force-app/main/default/lwc/list/list.js","metadata":{"decorators":[],"declarationLoc":{"start":{"line":4,"column":0},"end":{"line":15,"column":1}},"classMembers":[{"type":"property","name":"bikes","loc":{"start":{"line":5,"column":4},"end":{"line":5,"column":18}}},{"type":"method","name":"handleTileClick","loc":{"start":{"line":7,"column":4},"end":{"line":14,"column":5}}}],"exports":[{"type":"ExportDefaultDeclaration"}]},"updatedAt":"2021-02-06T09:34:52.677Z"},{"_allAttributes":null,"_properties":null,"_methods":null,"file":"c:/WorkSpace/KPN_Interview_Assignment/KPN_Interview_Assignment/force-app/main/default/lwc/myComponent/myComponent.js","metadata":{"decorators":[],"declarationLoc":{"start":{"line":3,"column":0},"end":{"line":3,"column":60}},"classMembers":[],"exports":[{"type":"ExportDefaultDeclaration"}]},"updatedAt":"2021-02-06T09:34:53.139Z"},{"_allAttributes":null,"_properties":null,"_methods":null,"file":"c:/WorkSpace/KPN_Interview_Assignment/KPN_Interview_Assignment/force-app/main/default/lwc/orderItemList/orderItemList.js","metadata":{"decorators":[{"type":"api","targets":[{"type":"property","name":"recordid","value":{"type":"unresolved"}},{"type":"method","name":"reloadComp"}]},{"type":"wire","targets":[{"name":"wiredRecords","adapter":{"name":"getOrderItems","reference":"@salesforce/apex/OrderController.getOrderItems"},"type":"method","static":{},"params":{"recId":"recordid"}},{"name":"orderDetails","adapter":{"name":"getOrderDetails","reference":"@salesforce/apex/OrderController.getOrderDetails"},"type":"method","static":{},"params":{"recId":"recordid"}}]}],"declarationLoc":{"start":{"line":15,"column":0},"end":{"line":153,"column":1}},"classMembers":[{"type":"property","name":"recordid","loc":{"start":{"line":16,"column":4},"end":{"line":16,"column":18}},"decorator":"api","value":{"type":"unresolved"}},{"type":"property","name":"showTable","loc":{"start":{"line":17,"column":4},"end":{"line":17,"column":22}}},{"type":"property","name":"orderItemList","loc":{"start":{"line":18,"column":4},"end":{"line":18,"column":23}}},{"type":"property","name":"orderItemTempList","loc":{"start":{"line":19,"column":4},"end":{"line":19,"column":27}}},{"type":"property","name":"columns","loc":{"start":{"line":20,"column":4},"end":{"line":20,"column":22}}},{"type":"property","name":"error","loc":{"start":{"line":21,"column":4},"end":{"line":21,"column":10}}},{"type":"property","name":"isDisabled","loc":{"start":{"line":22,"column":4},"end":{"line":22,"column":23}}},{"type":"property","name":"page","loc":{"start":{"line":24,"column":4},"end":{"line":24,"column":13}}},{"type":"property","name":"items","loc":{"start":{"line":25,"column":4},"end":{"line":25,"column":15}}},{"type":"property","name":"dataItems","loc":{"start":{"line":26,"column":4},"end":{"line":26,"column":19}}},{"type":"property","name":"startingRecord","loc":{"start":{"line":27,"column":4},"end":{"line":27,"column":23}}},{"type":"property","name":"endingRecord","loc":{"start":{"line":28,"column":4},"end":{"line":28,"column":21}}},{"type":"property","name":"pageSize","loc":{"start":{"line":29,"column":4},"end":{"line":29,"column":17}}},{"type":"property","name":"totalRecountCount","loc":{"start":{"line":30,"column":4},"end":{"line":30,"column":26}}},{"type":"property","name":"totalPage","loc":{"start":{"line":31,"column":4},"end":{"line":31,"column":18}}},{"type":"property","name":"wiredResult","loc":{"start":{"line":33,"column":4},"end":{"line":33,"column":16}}},{"type":"method","name":"reloadComp","loc":{"start":{"line":35,"column":4},"end":{"line":38,"column":5}},"decorator":"api"},{"type":"method","name":"wiredRecords","loc":{"start":{"line":40,"column":4},"end":{"line":71,"column":5}},"decorator":"wire"},{"type":"method","name":"orderDetails","loc":{"start":{"line":73,"column":4},"end":{"line":83,"column":5}},"decorator":"wire"},{"type":"method","name":"confirmOrder","loc":{"start":{"line":88,"column":4},"end":{"line":121,"column":5}}},{"type":"method","name":"previousHandler","loc":{"start":{"line":124,"column":4},"end":{"line":129,"column":5}}},{"type":"method","name":"nextHandler","loc":{"start":{"line":132,"column":4},"end":{"line":137,"column":5}}},{"type":"method","name":"displayRecordPerPage","loc":{"start":{"line":140,"column":4},"end":{"line":151,"column":5}}}],"exports":[{"type":"ExportDefaultDeclaration"}]},"updatedAt":"2021-02-06T16:52:21.360Z"},{"_allAttributes":null,"_properties":null,"_methods":null,"file":"c:/WorkSpace/KPN_Interview_Assignment/KPN_Interview_Assignment/force-app/main/default/lwc/orderProductsFromOrder/orderProductsFromOrder.js","metadata":{"decorators":[{"type":"api","targets":[{"type":"property","name":"recordId","value":{"type":"unresolved"}}]},{"type":"wire","targets":[{"name":"messageContext","adapter":{"name":"MessageContext","reference":"lightning/messageService"},"type":"property"},{"name":"orderProduct","adapter":{"name":"getProductsRelatedToOrder","reference":"@salesforce/apex/OrderHandler.getProductsRelatedToOrder"},"type":"method","static":{},"params":{"recId":"recordId"}},{"name":"orderDetails","adapter":{"name":"getOrderDetails","reference":"@salesforce/apex/OrderHandler.getOrderDetails"},"type":"method","static":{},"params":{"recId":"recordId"}}]}],"declarationLoc":{"start":{"line":22,"column":0},"end":{"line":217,"column":1}},"classMembers":[{"type":"property","name":"recordId","loc":{"start":{"line":23,"column":4},"end":{"line":24,"column":13}},"decorator":"api","value":{"type":"unresolved"}},{"type":"property","name":"orderProductData","loc":{"start":{"line":25,"column":4},"end":{"line":25,"column":21}}},{"type":"property","name":"diableButtons","loc":{"start":{"line":26,"column":4},"end":{"line":26,"column":24}}},{"type":"property","name":"showSpinner","loc":{"start":{"line":27,"column":4},"end":{"line":27,"column":16}}},{"type":"property","name":"messageContext","loc":{"start":{"line":28,"column":4},"end":{"line":29,"column":19}},"decorator":"wire"},{"type":"property","name":"subscription","loc":{"start":{"line":30,"column":4},"end":{"line":30,"column":24}}},{"type":"property","name":"receivedMessage","loc":{"start":{"line":31,"column":4},"end":{"line":31,"column":20}}},{"type":"property","name":"orderInfo","loc":{"start":{"line":32,"column":4},"end":{"line":32,"column":14}}},{"type":"property","name":"orderInfoPriceBook","loc":{"start":{"line":33,"column":4},"end":{"line":33,"column":23}}},{"type":"property","name":"wiredResult1","loc":{"start":{"line":34,"column":4},"end":{"line":34,"column":17}}},{"type":"property","name":"wiredResult2","loc":{"start":{"line":35,"column":4},"end":{"line":35,"column":17}}},{"type":"method","name":"orderProduct","loc":{"start":{"line":36,"column":4},"end":{"line":47,"column":6}},"decorator":"wire"},{"type":"method","name":"orderDetails","loc":{"start":{"line":49,"column":5},"end":{"line":71,"column":6}},"decorator":"wire"},{"type":"method","name":"connectedCallback","loc":{"start":{"line":74,"column":4},"end":{"line":76,"column":5}}},{"type":"method","name":"subscribeMC","loc":{"start":{"line":81,"column":4},"end":{"line":90,"column":5}}},{"type":"method","name":"unsubscribeMC","loc":{"start":{"line":95,"column":4},"end":{"line":98,"column":5}}},{"type":"method","name":"handleMessage","loc":{"start":{"line":102,"column":4},"end":{"line":172,"column":5}}},{"type":"method","name":"confirmOrder","loc":{"start":{"line":176,"column":4},"end":{"line":214,"column":5}}}],"exports":[{"type":"ExportDefaultDeclaration"}]},"updatedAt":"2021-02-06T09:34:52.894Z"},{"_allAttributes":null,"_properties":null,"_methods":null,"file":"c:/WorkSpace/KPN_Interview_Assignment/KPN_Interview_Assignment/force-app/main/default/lwc/placeOrder/placeOrder.js","metadata":{"decorators":[{"type":"api","targets":[{"type":"property","name":"recordId","value":{"type":"unresolved"}}]}],"declarationLoc":{"start":{"line":3,"column":0},"end":{"line":10,"column":1}},"classMembers":[{"type":"property","name":"recordId","loc":{"start":{"line":4,"column":4},"end":{"line":4,"column":18}},"decorator":"api","value":{"type":"unresolved"}},{"type":"method","name":"refreshComp","loc":{"start":{"line":7,"column":4},"end":{"line":9,"column":5}}}],"exports":[{"type":"ExportDefaultDeclaration"}]},"updatedAt":"2021-02-06T16:48:26.999Z"},{"_allAttributes":null,"_properties":null,"_methods":null,"file":"c:/WorkSpace/KPN_Interview_Assignment/KPN_Interview_Assignment/force-app/main/default/lwc/selector/selector.js","metadata":{"decorators":[{"type":"wire","targets":[{"name":"user","adapter":{"name":"getRecord","reference":"lightning/uiRecordApi"},"type":"property","static":{"fields":{"type":"unresolved","value":"identifier"}},"params":{"recordId":"userId"}}]}],"declarationLoc":{"start":{"line":7,"column":0},"end":{"line":18,"column":1}},"classMembers":[{"type":"property","name":"selectedProductId","loc":{"start":{"line":8,"column":4},"end":{"line":8,"column":22}}},{"type":"method","name":"handleProductSelected","loc":{"start":{"line":9,"column":4},"end":{"line":11,"column":5}}},{"type":"property","name":"userId","loc":{"start":{"line":12,"column":4},"end":{"line":12,"column":16}}},{"type":"property","name":"user","loc":{"start":{"line":13,"column":4},"end":{"line":14,"column":9}},"decorator":"wire"},{"type":"property","name":"name","loc":{"start":{"line":15,"column":4},"end":{"line":17,"column":5}}}],"exports":[{"type":"ExportDefaultDeclaration"}]},"updatedAt":"2021-02-06T09:34:52.626Z"},{"_allAttributes":null,"_properties":null,"_methods":null,"file":"c:/WorkSpace/KPN_Interview_Assignment/KPN_Interview_Assignment/force-app/main/default/lwc/tile/tile.js","metadata":{"decorators":[{"type":"api","targets":[{"type":"property","name":"product","value":{"type":"unresolved"}}]}],"declarationLoc":{"start":{"line":3,"column":0},"end":{"line":14,"column":1}},"classMembers":[{"type":"property","name":"product","loc":{"start":{"line":4,"column":4},"end":{"line":4,"column":17}},"decorator":"api","value":{"type":"unresolved"}},{"type":"method","name":"tileClick","loc":{"start":{"line":6,"column":4},"end":{"line":13,"column":5}}}],"exports":[{"type":"ExportDefaultDeclaration"}]},"updatedAt":"2021-02-06T09:34:52.482Z"}]